{
    "metadata":{
        "type":"BufferGeometry",
        "generator":"io_three",
        "version":3,
        "uv":42,
        "position":42,
        "normal":42
    },
    "data":{
        "index":{
            "type":"Uint16Array",
            "itemSize":1,
            "array":[0,1,2,3,4,5,6,7,8,9,10,11,12,13,14,15,16,17,18,19,20,21,22,23,24,25,26,27,28,29,30,31,32,33,34,35,36,37,38,39,40,41]
        },
        "attributes":{
            "uv":{
                "type":"Float32Array",
                "itemSize":2,
                "array":[0.8679,0.000499547,0.9995,0.000499547,0.8679,0.999501,0.8679,0.999501,0.9995,0.000499547,0.9995,0.999501,0.734911,0.000499547,0.8679,0.000499547,0.734911,0.999501,0.734911,0.999501,0.8679,0.000499547,0.8679,0.999501,0.599143,0.000499547,0.734911,0.000499547,0.599143,0.999501,0.599143,0.999501,0.734911,0.000499547,0.734911,0.999501,0.459207,0.000499547,0.599143,0.000499547,0.459207,0.999501,0.459207,0.999501,0.599143,0.000499547,0.599143,0.999501,0.313714,0.000499547,0.459207,0.000499547,0.313714,0.999501,0.313714,0.999501,0.459207,0.000499547,0.459207,0.999501,0.161275,0.000499547,0.313714,0.000499547,0.161275,0.999501,0.161275,0.999501,0.313714,0.000499547,0.313714,0.999501,0.000499517,0.000499547,0.161275,0.000499547,0.000499517,0.999501,0.000499517,0.999501,0.161275,0.000499547,0.161275,0.999501]
            },
            "position":{
                "type":"Float32Array",
                "itemSize":3,
                "array":[1.03885,0.353891,-0.0925586,1.039,0.00194022,-0.0120955,-1.06115,0.353375,-0.0907074,-1.06115,0.353375,-0.0907074,1.039,0.00194022,-0.0120955,-1.061,0.00142381,-0.0102443,1.03869,0.71076,-0.167037,1.03885,0.353891,-0.0925586,-1.06131,0.710244,-0.165186,-1.06131,0.710244,-0.165186,1.03885,0.353891,-0.0925586,-1.06115,0.353375,-0.0907074,1.03855,1.07747,-0.229547,1.03869,0.71076,-0.167037,-1.06145,1.07695,-0.227696,-1.06145,1.07695,-0.227696,1.03869,0.71076,-0.167037,-1.06131,0.710244,-0.165186,1.03841,1.45893,-0.274103,1.03855,1.07747,-0.229547,-1.06158,1.45841,-0.272252,-1.06158,1.45841,-0.272252,1.03855,1.07747,-0.229547,-1.06145,1.07695,-0.227696,1.0383,1.86006,-0.294721,1.03841,1.45893,-0.274103,-1.0617,1.85954,-0.29287,-1.0617,1.85954,-0.29287,1.03841,1.45893,-0.274103,-1.06158,1.45841,-0.272252,1.0382,2.28578,-0.285417,1.0383,1.86006,-0.294721,-1.0618,2.28526,-0.283566,-1.0618,2.28526,-0.283566,1.0383,1.86006,-0.294721,-1.0617,1.85954,-0.29287,1.03813,2.74101,-0.240206,1.0382,2.28578,-0.285417,-1.06187,2.74049,-0.238355,-1.06187,2.74049,-0.238355,1.0382,2.28578,-0.285417,-1.0618,2.28526,-0.283566]
            },
            "normal":{
                "type":"Float32Array",
                "itemSize":3,
                "array":[-0.000804542,-0.22287,-0.974848,-0.000804542,-0.22287,-0.974848,-0.000804542,-0.22287,-0.974848,-0.000804546,-0.22287,-0.974848,-0.000804546,-0.22287,-0.974848,-0.000804546,-0.22287,-0.974848,-0.000812694,-0.204299,-0.978908,-0.000812694,-0.204299,-0.978908,-0.000812694,-0.204299,-0.978908,-0.000812689,-0.204299,-0.978908,-0.000812689,-0.204299,-0.978908,-0.000812689,-0.204299,-0.978908,-0.000827611,-0.168039,-0.98578,-0.000827611,-0.168039,-0.98578,-0.000827611,-0.168039,-0.98578,-0.000827666,-0.16804,-0.98578,-0.000827666,-0.16804,-0.98578,-0.000827666,-0.16804,-0.98578,-0.000846985,-0.116016,-0.993247,-0.000846985,-0.116016,-0.993247,-0.000846985,-0.116016,-0.993247,-0.000846986,-0.116016,-0.993247,-0.000846986,-0.116016,-0.993247,-0.000846986,-0.116016,-0.993247,-0.000867739,-0.0513329,-0.998681,-0.000867739,-0.0513329,-0.998681,-0.000867739,-0.0513329,-0.998681,-0.000867682,-0.0513326,-0.998681,-0.000867682,-0.0513326,-0.998681,-0.000867682,-0.0513326,-0.998681,-0.00088669,0.0218496,-0.999761,-0.00088669,0.0218496,-0.999761,-0.00088669,0.0218496,-0.999761,-0.000886687,0.0218496,-0.999761,-0.000886687,0.0218496,-0.999761,-0.000886687,0.0218496,-0.999761,-0.000901512,0.0988284,-0.995104,-0.000901512,0.0988284,-0.995104,-0.000901512,0.0988284,-0.995104,-0.000901523,0.0988284,-0.995104,-0.000901523,0.0988284,-0.995104,-0.000901523,0.0988284,-0.995104]
            }
        }
    }
}